id,first_name,last_name,department,position,experience
1,Karina,Taberer,Chemistry,Professor,14
2,Cloris,McLaverty,Biology,Lecturer,4
3,Briney,Cran,Biology,Lecturer,13
4,Dewey,Mungham,Biology,Lecturer,20
5,Shina,Bluschke,Biostatistics,Professor,23
6,Marcella,Muddimer,Chemistry,Department head,15
7,Erda,Artist,Biology,Department head,22
8,Sammie,Sultana,Biostatistics,Lecturer,5
9,Franchot,Sybry,Chemistry,Professor,10
10,Hyacinthia,Dugall,Chemistry,Professor,12
11,Skye,Pattle,Cardiology,Professor,20
12,Rachelle,Wilgar,Chemistry,Assistant,19
13,Shandee,Pargent,Biostatistics,Department head,21
14,Nola,Goodsir,Cardiology,Assistant,19
15,Gerard,Rathe,Chemistry,Assistant,12
16,Shanie,Bartozzi,Cardiology,Lecturer,17
17,Maurita,Shinefield,Chemistry,Department head,20
18,Kenon,Gover,Chemistry,Assistant,1
19,Stanfield,Burstowe,Biostatistics,Department head,9
20,Theobald,Gathercoal,Cardiology,Lecturer,1
21,Tanitansy,Rennock,Chemistry,Professor,5
22,Marcello,Docharty,Chemistry,Lecturer,7
23,Dell,Sowersby,Chemistry,Assistant,9
24,Dione,Whiteway,Biostatistics,Assistant,18
25,Rosabelle,Renault,Chemistry,Department head,21
26,Marina,Olyunin,Chemistry,Lecturer,2
27,Aurelea,Lewisham,Biostatistics,Assistant,6
28,Harrison,Smaling,Cardiology,Lecturer,13
29,Timothy,Wilde,Biostatistics,Professor,10
30,Flss,Cordey,Biostatistics,Department head,14
31,Katharyn,Norster,Biology,Professor,6
32,Chery,Winterflood,Chemistry,Department head,8
33,Gusta,Greschke,Biology,Assistant,18
34,Baryram,Roggieri,Cardiology,Professor,5
35,Hunt,Giamitti,Chemistry,Department head,20
36,Ellis,Huzzay,Chemistry,Lecturer,16
37,Darla,Catlow,Cardiology,Assistant,2
38,Gladi,Tunnock,Biostatistics,Lecturer,18
39,Krysta,Whitta,Biostatistics,Lecturer,6
40,Gilly,Link,Biostatistics,Professor,15
41,Gianna,Boost,Cardiology,Professor,5
42,Lorne,M'Barron,Biostatistics,Department head,8
43,Anne,Renault,Biostatistics,Lecturer,18
44,Marketa,Worpole,Biology,Assistant,15
45,Stuart,Mosen,Biology,Lecturer,9
46,Winni,Falkous,Biology,Professor,9
47,Con,Beaford,Chemistry,Department head,10
48,Fremont,Gillbee,Chemistry,Assistant,7
49,Willey,Fallen,Biostatistics,Professor,10
50,Agnes,Woolmore,Cardiology,Lecturer,3
51,Stephannie,Stollmeier,Cardiology,Department head,15
52,Natividad,Poile,Cardiology,Professor,2
53,Keith,Nutter,Biostatistics,Assistant,14
54,Dimitry,Phelit,Biostatistics,Department head,12
55,Mick,Hattigan,Biology,Professor,10
56,Giulia,Sedcole,Chemistry,Assistant,16
57,Darcy,Furphy,Cardiology,Lecturer,12
58,Sigismund,Michieli,Cardiology,Assistant,1
59,Ninnetta,Manston,Biostatistics,Professor,7
60,Chlo,Wardall,Cardiology,Assistant,14
61,Fabio,Lux,Biology,Professor,17
62,Millicent,Blease,Biology,Professor,15
63,Ophelia,Capp,Cardiology,Professor,11
64,Ardyth,Caldera,Cardiology,Assistant,3
65,Gustavo,Dunckley,Biology,Department head,6
66,Garfield,Jellico,Biology,Lecturer,14
67,Min,Petherick,Biostatistics,Assistant,16
68,Philly,Moylan,Chemistry,Department head,14
69,Rory,Kielt,Biostatistics,Professor,7
70,Kerrie,Van den Bosch,Cardiology,Lecturer,20
71,Gibbie,Lydden,Chemistry,Professor,13
72,Sigrid,Grannell,Chemistry,Department head,9
73,Annalise,Hurles,Biology,Assistant,1
74,Laurene,Blaylock,Cardiology,Department head,3
75,Nicolette,Boshere,Cardiology,Professor,8
76,Zola,McTerlagh,Biostatistics,Lecturer,3
77,Zsa zsa,Rouf,Biology,Department head,12
78,Joachim,Kubala,Cardiology,Assistant,19
79,Rosana,Konzelmann,Biology,Professor,17
80,Granny,Noods,Biostatistics,Department head,1
81,Joanne,Bourdel,Cardiology,Assistant,15
82,Collette,Yeudall,Chemistry,Lecturer,4
83,Archibaldo,Itzhak,Biology,Department head,23
84,Vin,Shire,Biology,Professor,10
85,Cosme,Olesen,Chemistry,Assistant,17
86,Rodney,Ryam,Chemistry,Lecturer,3
87,Sharia,Donaho,Biology,Department head,11
88,Joseph,Littrick,Biology,Assistant,14
89,Peg,Yerlett,Cardiology,Professor,5
90,Hatti,Parram,Cardiology,Department head,8
91,Jim,Chatwood,Cardiology,Professor,3
92,Clarette,Breit,Chemistry,Assistant,19
93,Ira,Georgot,Biology,Department head,4
94,Ralina,Platt,Chemistry,Lecturer,8
95,Elaine,Nicholes,Biology,Lecturer,2
96,Drusy,Wilshaw,Chemistry,Professor,20
97,Winslow,Arboin,Biostatistics,Professor,14
98,Justina,Irce,Biostatistics,Assistant,9
99,Mannie,Ivanovic,Cardiology,Lecturer,12
100,Bond,Yair,Biostatistics,Lecturer,6
101,Georgianne,Selwood,Chemistry,Lecturer,19
102,Merrily,McCullagh,Biology,Department head,20
103,Franni,Klimas,Cardiology,Assistant,9
104,Catherina,Tyrie,Biology,Department head,1
105,Nomi,Hansana,Biostatistics,Assistant,12
106,Willy,Copsey,Biology,Professor,5
107,Herby,Betjeman,Chemistry,Lecturer,8
108,Pincus,Spalding,Chemistry,Assistant,15
109,Eziechiele,Niles,Biostatistics,Professor,23
110,Rey,Stukings,Biostatistics,Professor,5
111,Sibelle,Hultberg,Biology,Professor,16
112,Pedro,Ney,Biology,Lecturer,21
113,Conrade,Burkwood,Cardiology,Professor,5
114,Xavier,Perigo,Cardiology,Department head,4
115,Gabbi,Gosdin,Cardiology,Lecturer,2
116,Natty,MacMarcuis,Biology,Assistant,11
117,Rachele,Airs,Cardiology,Assistant,23
118,Rubina,Stapels,Biology,Lecturer,7
119,Ryan,Notley,Cardiology,Assistant,15
120,Curr,Crippell,Biostatistics,Lecturer,3
121,Ailis,Ferrarin,Biostatistics,Department head,17
122,Ellery,Jencey,Biostatistics,Assistant,19
123,Bobbe,Hansel,Chemistry,Assistant,18
124,Pate,Aim,Cardiology,Assistant,20
125,Marcel,Imm,Chemistry,Assistant,12
126,Wells,Petett,Biology,Professor,2
127,Hugh,Muckley,Biology,Professor,10
128,Leicester,Keedy,Biostatistics,Professor,6
129,Kellen,Akram,Biology,Lecturer,19
130,Barclay,Montez,Biostatistics,Lecturer,14
131,Beulah,Ambrosi,Biology,Assistant,4
132,Mariel,Thornham,Biostatistics,Professor,20
133,Hugibert,Boorne,Cardiology,Lecturer,18
134,Wendi,Bolley,Cardiology,Lecturer,9
135,Hildegaard,Leguay,Biostatistics,Lecturer,16
136,Janette,Slad,Cardiology,Lecturer,4
137,Dannie,Sixsmith,Biology,Lecturer,12
138,Ann,Abyss,Cardiology,Department head,10
139,Vic,Shills,Biostatistics,Department head,23
140,Lynda,Grenville,Chemistry,Lecturer,6
141,Nari,Guitonneau,Biostatistics,Lecturer,7
142,Timmy,Eymor,Cardiology,Professor,6
143,Adolpho,Reinhart,Chemistry,Assistant,17
144,Hermina,Calafate,Biostatistics,Department head,19
145,Correy,Egle of Germany,Biostatistics,Lecturer,5
146,Lonni,Littlepage,Biostatistics,Assistant,1
147,Oliy,Pratton,Biology,Department head,7
148,Carlie,Fawke,Biostatistics,Department head,21
149,Tirrell,Dunkinson,Cardiology,Professor,19
150,Noel,Masser,Biology,Lecturer,7
151,Christalle,Ramme,Biostatistics,Lecturer,12
152,Augusto,Chancelier,Chemistry,Department head,10
153,Dorolisa,Meins,Biology,Assistant,4
154,Rivkah,Guillard,Biology,Lecturer,7
155,Alberta,Pughsley,Biostatistics,Assistant,21
156,Keri,Sertin,Cardiology,Lecturer,2
157,Trueman,Dury,Chemistry,Department head,4
158,Stillman,Vear,Chemistry,Professor,23
159,Verina,Yesinin,Chemistry,Professor,14
160,Danella,Kimbley,Cardiology,Lecturer,19
161,Rolando,Baudain,Biostatistics,Assistant,3
162,Millisent,Erat,Biology,Department head,4
163,Elyn,Malt,Chemistry,Department head,9
164,Gilbertine,Volonte,Biostatistics,Assistant,6
165,Merrill,Float,Cardiology,Professor,4
166,Cheryl,Fairlem,Cardiology,Assistant,7
167,Debby,von Grollmann,Cardiology,Assistant,6
168,Beryle,Bullan,Cardiology,Department head,11
169,Rosco,Ogelbe,Biostatistics,Professor,10
170,Bone,Jeandeau,Biostatistics,Professor,1
171,Maxy,Sandercock,Chemistry,Professor,1
172,Nealson,Grover,Cardiology,Department head,10
173,Morgen,Poleye,Biostatistics,Professor,17
174,Xylia,Seery,Chemistry,Lecturer,23
175,Chad,Hardwin,Chemistry,Lecturer,5
176,Tamma,Fardo,Chemistry,Assistant,6
177,Cass,Deveraux,Biostatistics,Assistant,1
178,Hyacinthe,Braz,Cardiology,Professor,11
179,Marcel,Robertucci,Biostatistics,Lecturer,4
180,Pavla,Brewse,Biostatistics,Professor,4
181,Sarette,Frigout,Chemistry,Department head,17
182,Tanhya,Giraudou,Chemistry,Department head,16
183,Kristan,Taynton,Biology,Department head,2
184,Cecilla,Topham,Chemistry,Professor,2
185,Giustina,Stidson,Cardiology,Lecturer,9
186,Deeann,Gerrill,Biology,Assistant,10
187,Zelma,O'Hallihane,Chemistry,Assistant,21
188,Krissy,Prozescky,Cardiology,Assistant,9
189,Cleo,Haxley,Biology,Professor,7
190,Allie,Douglas,Biology,Assistant,3
191,Gaspar,Schonfeld,Chemistry,Department head,18
192,Claudelle,Spreag,Biology,Professor,2
193,Cyril,Earland,Biology,Department head,10
194,Shannon,Muck,Chemistry,Department head,13
195,Joyous,Evelyn,Cardiology,Assistant,19
196,Alli,Shemelt,Biostatistics,Lecturer,18
197,Sigmund,Domerq,Chemistry,Assistant,6
198,Silvie,Theurer,Cardiology,Assistant,11
199,Carree,Broy,Cardiology,Department head,6
200,Maxi,Gann,Cardiology,Professor,5
201,Cody,Brickwood,Biology,Professor,19
202,Peder,Staresmeare,Cardiology,Lecturer,22
203,Marjie,Blowfelde,Chemistry,Lecturer,17
204,Hewitt,Stollery,Chemistry,Lecturer,4
205,Tarra,Wyndham,Cardiology,Assistant,3
206,Malinde,Kemmis,Cardiology,Department head,2
207,Madison,Kopecka,Cardiology,Assistant,21
208,Sibeal,Birkenhead,Chemistry,Lecturer,21
209,Kimberly,Cash,Chemistry,Assistant,22
210,Engelbert,Tyres,Biostatistics,Lecturer,21
211,Dorita,Torel,Chemistry,Professor,23
212,Crin,Carver,Cardiology,Department head,19
213,Gerianne,Thoresby,Biostatistics,Lecturer,12
214,Tammara,Colquit,Chemistry,Department head,19
215,Andros,Acklands,Cardiology,Professor,19
216,Tobit,Antcliff,Cardiology,Professor,21
217,Nye,Ratke,Chemistry,Lecturer,15
218,Adena,Ding,Cardiology,Lecturer,13
219,Mureil,Saltmarshe,Cardiology,Department head,10
220,Rosette,Troker,Chemistry,Assistant,3
221,Gerick,Tessington,Cardiology,Department head,13
222,Karylin,Snawden,Chemistry,Assistant,2
223,Ninnette,Quan,Cardiology,Assistant,8
224,Viola,Dargan,Chemistry,Assistant,5
225,Miranda,Zannotti,Biology,Lecturer,17
226,Maureene,Toomer,Chemistry,Lecturer,10
227,Hedwig,McCrillis,Biology,Assistant,13
228,Mahmoud,Benedyktowicz,Biostatistics,Lecturer,7
229,Abbye,Macia,Cardiology,Assistant,11
230,Inglis,McCarver,Cardiology,Professor,1
231,Chic,Gounod,Chemistry,Department head,17
232,Howie,Schoffel,Biology,Department head,7
233,Misty,Korpal,Biostatistics,Assistant,16
234,Emilio,Sate,Biostatistics,Professor,4
235,Giuseppe,Eouzan,Biostatistics,Assistant,2
236,Kimbell,Bulbrook,Biostatistics,Professor,22
237,Grete,Bardill,Cardiology,Assistant,12
238,Becki,Cassar,Cardiology,Assistant,10
239,Andres,Bridgman,Cardiology,Lecturer,7
240,Denney,McCalister,Biology,Department head,12
241,Tessi,Stute,Biostatistics,Department head,20
242,Katti,Bettesworth,Biology,Professor,9
243,Liv,Placstone,Biostatistics,Department head,21
244,Cherrita,Anderer,Biostatistics,Assistant,14
245,Bernette,Antrack,Cardiology,Department head,13
246,Vinita,Ollerearnshaw,Chemistry,Professor,5
247,Ewell,Frears,Biostatistics,Professor,1
248,Cecilio,Chesher,Biostatistics,Professor,3
249,Addie,Ginman,Cardiology,Professor,17
250,Bryana,Clayworth,Cardiology,Department head,23
251,Laurena,Riccioppo,Chemistry,Lecturer,1
252,Constantina,Larmor,Biology,Professor,4
253,Aubree,Lipscombe,Cardiology,Assistant,10
254,Lucina,Burch,Biostatistics,Assistant,23
255,Jacquelin,Summerskill,Chemistry,Department head,20
256,Fabe,Bosket,Biology,Department head,7
257,Anjela,Dureden,Chemistry,Professor,14
258,Zena,Tenwick,Biology,Lecturer,20
259,Darrel,Marklew,Biostatistics,Assistant,15
260,Elita,Reinbech,Chemistry,Assistant,16
261,Ezmeralda,Vedeniktov,Cardiology,Professor,10
262,Sarina,Vassie,Biology,Lecturer,6
263,Jeff,Durtnell,Biostatistics,Department head,12
264,Chelsey,Beccera,Chemistry,Assistant,19
265,Merridie,Feldbrin,Biostatistics,Department head,23
266,Andrej,Posse,Chemistry,Assistant,18
267,Antin,Learmond,Biology,Assistant,6
268,Hunter,Weeks,Biostatistics,Lecturer,19
269,Sam,Goakes,Biostatistics,Professor,19
270,Saidee,Axelby,Cardiology,Department head,8
271,Caitlin,Lynn,Chemistry,Professor,6
272,Ealasaid,Pavkovic,Biology,Department head,23
273,Erhart,Uppett,Cardiology,Department head,13
274,Jessey,Maycey,Biostatistics,Department head,10
275,Larine,Kermitt,Chemistry,Lecturer,13
276,Joannes,Spry,Cardiology,Lecturer,11
277,Roberto,Casale,Biology,Department head,18
278,Gabriel,Bellew,Chemistry,Professor,3
279,Kelci,Buckle,Biostatistics,Department head,10
280,Thornton,Lemery,Biology,Lecturer,1
281,Augusto,Lintin,Biology,Department head,2
282,Lara,Biskupiak,Biostatistics,Assistant,10
283,Trefor,Sandhill,Cardiology,Lecturer,13
284,Royce,Whitcomb,Biostatistics,Professor,9
285,Allis,Fennelow,Cardiology,Department head,20
286,Stevena,Tidey,Cardiology,Professor,8
287,Tamarah,Demcik,Chemistry,Assistant,18
288,Marlene,Rubury,Cardiology,Department head,12
289,Cheri,Perch,Biostatistics,Lecturer,9
290,Robin,McQuade,Biostatistics,Assistant,13
291,Patrizius,Hevner,Biology,Department head,10
292,Tarrah,Slate,Biostatistics,Professor,21
293,Hephzibah,Maykin,Biology,Department head,4
294,Cody,Duberry,Cardiology,Lecturer,10
295,Niki,Smitheman,Cardiology,Department head,5
296,Rebekah,Milliken,Biostatistics,Assistant,16
297,Adolpho,Pooly,Cardiology,Professor,1
298,Kelila,Elie,Biology,Lecturer,20
299,Gordan,O' Hogan,Chemistry,Assistant,16
300,Faydra,Matejovsky,Biostatistics,Professor,1
301,Ellene,Winkless,Biology,Department head,15
302,Georgi,Goldstone,Chemistry,Professor,8
303,Barry,Delph,Chemistry,Assistant,13
304,Emelyne,Ivanitsa,Chemistry,Professor,8
305,Tierney,Rawe,Chemistry,Lecturer,15
306,Jessica,Branscomb,Biology,Department head,14
307,Virginia,Colleton,Biostatistics,Lecturer,6
308,Dieter,McVitie,Biology,Assistant,8
309,Kelly,de Wilde,Biology,Lecturer,7
310,Maryl,Bratten,Biostatistics,Lecturer,16
311,Teodoor,Tomlin,Cardiology,Department head,21
312,Arabela,Gietz,Biostatistics,Professor,8
313,Harmonie,Sellwood,Cardiology,Lecturer,20
314,Trula,Strugnell,Cardiology,Department head,15
315,Ellissa,Maunsell,Chemistry,Lecturer,17
316,Liz,Guys,Biostatistics,Professor,7
317,Faydra,Hewson,Chemistry,Department head,4
318,Keenan,Grundy,Biostatistics,Professor,14
319,Palmer,Heigho,Biostatistics,Professor,14
320,Hurleigh,Arnhold,Biology,Lecturer,3
321,Rubie,Bogges,Cardiology,Department head,2
322,Sharia,Putt,Chemistry,Department head,18
323,Jessy,Bamsey,Cardiology,Professor,11
324,Dominic,Boutcher,Biostatistics,Department head,15
325,Elton,Crowhurst,Biology,Lecturer,11
326,Fayth,Pettigree,Biology,Department head,22
327,Braden,Sauven,Biology,Lecturer,1
328,Gabe,Tooker,Cardiology,Assistant,18
329,Hale,Godman,Biostatistics,Professor,3
330,Robert,Epperson,Chemistry,Assistant,16
331,Heath,Broseke,Cardiology,Professor,8
332,Jordan,Grey,Biology,Lecturer,23
333,Rhodie,Immins,Biostatistics,Assistant,19
334,Luciano,Harrema,Cardiology,Assistant,3
335,Liza,Oldroyde,Biology,Department head,8
336,Dehlia,Summerlad,Biostatistics,Professor,11
337,Leontyne,Lamping,Biology,Lecturer,15
338,Minerva,Munt,Cardiology,Department head,13
339,Sadella,Mayoh,Chemistry,Assistant,22
340,Romeo,Raith,Biostatistics,Lecturer,5
341,Brit,Huws,Cardiology,Assistant,14
342,Cleveland,Lyst,Biostatistics,Professor,12
343,Jena,Bucksey,Chemistry,Lecturer,11
344,Anatole,Benda,Cardiology,Lecturer,1
345,Mellicent,Maase,Cardiology,Assistant,22
346,Kristo,Sharland,Biology,Assistant,6
347,Marthena,Hattrick,Chemistry,Assistant,6
348,Kristyn,Duerden,Cardiology,Professor,15
349,Evey,Halbeard,Cardiology,Professor,1
350,Elden,MacDonell,Biostatistics,Lecturer,3
351,Hedvige,Staining,Biology,Assistant,13
352,Garik,Tirrey,Cardiology,Professor,19
353,Wylie,Kidder,Chemistry,Lecturer,16
354,Debee,Gaymar,Cardiology,Lecturer,21
355,Curtis,Thorowgood,Chemistry,Department head,16
356,Millie,Huffa,Biology,Department head,5
357,Shellie,Pendergast,Biostatistics,Department head,12
358,Alanna,Gainsbury,Biology,Assistant,20
359,Reynold,Keyhoe,Biostatistics,Lecturer,6
360,Peggi,Braniff,Cardiology,Lecturer,16
361,Phil,Kingaby,Biology,Professor,2
362,Rowan,Halley,Cardiology,Department head,3
363,Althea,MacElane,Biology,Professor,15
364,Herrick,Younger,Cardiology,Lecturer,10
365,Geno,Vanetti,Biostatistics,Professor,13
366,Sylas,Vassel,Biostatistics,Lecturer,19
367,Letizia,Titford,Biology,Lecturer,4
368,Kayne,Matuszynski,Biostatistics,Professor,20
369,Victoir,Duchart,Biostatistics,Assistant,4
370,Shandeigh,Maliphant,Biology,Lecturer,14
371,Darbee,Halgarth,Biostatistics,Department head,5
372,Herbert,Beeres,Biostatistics,Department head,2
373,Karilynn,Wilkisson,Biostatistics,Assistant,19
374,Phylys,Betteney,Cardiology,Department head,6
375,Maureen,Krishtopaittis,Cardiology,Professor,11
376,Kerrie,Duplock,Biostatistics,Department head,9
377,Blake,Inns,Chemistry,Assistant,11
378,Oralia,Matteris,Biology,Lecturer,22
379,Dougie,Costar,Biology,Department head,13
380,Devonne,Templar,Biology,Department head,9
381,Perren,Brisse,Chemistry,Lecturer,8
382,Nelie,Calow,Cardiology,Lecturer,11
383,Kean,Gillcrist,Biostatistics,Assistant,21
384,Kermy,Burdas,Biology,Professor,17
385,Lauralee,Geikie,Biostatistics,Lecturer,7
386,Constantine,Creaven,Biostatistics,Department head,12
387,Cristian,Risbridge,Cardiology,Lecturer,20
388,Kellby,McGavigan,Biology,Department head,19
389,Shela,Meese,Cardiology,Department head,4
390,Ingrid,Hargitt,Biology,Assistant,4
391,Konrad,Girardi,Biostatistics,Department head,18
392,Corenda,Kondrat,Biostatistics,Lecturer,3
393,Janeczka,Tadlow,Biology,Department head,17
394,Ban,Stripling,Biology,Assistant,1
395,Lloyd,Harce,Cardiology,Assistant,18
396,Audie,Van Arsdall,Cardiology,Assistant,1
397,Gibbie,Androck,Biostatistics,Professor,15
398,Consuelo,Anelay,Biology,Assistant,21
399,Mayer,Imesen,Biology,Professor,20
400,Maurie,Jankovsky,Cardiology,Professor,9
401,Rorie,Brucker,Biostatistics,Department head,6
402,Wenona,Regnard,Chemistry,Lecturer,7
403,Huey,Stathor,Cardiology,Department head,8
404,Bonnee,Guidi,Biostatistics,Assistant,22
405,Casie,Rumke,Biostatistics,Professor,20
406,Slade,Gye,Chemistry,Assistant,21
407,Carver,Dahle,Biostatistics,Assistant,19
408,Lavina,Heritege,Biology,Professor,10
409,Carter,Hanmore,Biology,Professor,7
410,Katrine,Goldin,Cardiology,Assistant,7
411,Lamar,Edbrooke,Biostatistics,Professor,13
412,Penny,Winsborrow,Biostatistics,Department head,18
413,Marci,Chong,Biostatistics,Assistant,4
414,Tate,Llewelyn,Cardiology,Department head,14
415,Xever,De Carolis,Biostatistics,Lecturer,5
416,Kelly,Pittel,Cardiology,Lecturer,16
417,Sissie,Champniss,Cardiology,Professor,13
418,Douglass,Haldene,Cardiology,Professor,13
419,Saundra,Lacase,Biology,Assistant,23
420,Wynn,Coneau,Biology,Lecturer,17
421,Pier,Utley,Biostatistics,Assistant,15
422,Cornie,Kirkhouse,Biostatistics,Assistant,14
423,Betteanne,Skates,Chemistry,Lecturer,11
424,Amanda,O'Rodane,Biology,Professor,13
425,Nobe,Ballsdon,Cardiology,Lecturer,15
426,Nikaniki,Devonish,Biostatistics,Department head,21
427,Caroline,Seignior,Biology,Lecturer,23
428,Jess,Coggles,Biology,Lecturer,11
429,Derrik,Erwin,Chemistry,Professor,4
430,Susette,Cullip,Cardiology,Professor,20
431,Adams,Fraulo,Chemistry,Professor,13
432,Carlyn,Pontin,Biology,Professor,6
433,Mahalia,Fatscher,Biostatistics,Department head,19
434,Randal,Playdon,Chemistry,Assistant,7
435,Erasmus,Littler,Chemistry,Professor,5
436,Fannie,Brounfield,Chemistry,Department head,4
437,Roxanne,Epton,Biostatistics,Professor,23
438,Michaeline,Sunnex,Cardiology,Professor,4
439,Raven,Petras,Chemistry,Department head,3
440,Sidonnie,Geering,Cardiology,Assistant,22
441,Tiler,Giriardelli,Cardiology,Professor,18
442,Wenona,Wroth,Cardiology,Lecturer,12
443,Ronna,Finnimore,Biostatistics,Lecturer,21
444,Kania,Itchingham,Chemistry,Lecturer,4
445,Yvette,Vinter,Biology,Professor,2
446,Jeramey,Reditt,Chemistry,Lecturer,3
447,Alberta,Yockney,Chemistry,Department head,10
448,Quill,Defond,Cardiology,Assistant,22
449,Shay,Lowfill,Chemistry,Professor,11
450,Sam,Elliss,Chemistry,Department head,21
451,Bev,Suttling,Cardiology,Professor,21
452,Corrina,Billinge,Cardiology,Department head,7
453,Aurelea,Lewens,Biology,Assistant,23
454,Eleanora,Harmston,Chemistry,Assistant,21
455,Wilmer,Cawdell,Biology,Department head,10
456,Idaline,Boynton,Chemistry,Lecturer,7
457,Sharla,Goulborne,Biostatistics,Lecturer,8
458,Forest,Nickerson,Chemistry,Department head,16
459,Ulrikaumeko,Awdry,Cardiology,Assistant,12
460,Melodie,Ibberson,Cardiology,Assistant,9
461,Malchy,Meeny,Biostatistics,Assistant,14
462,Derby,Sleite,Biostatistics,Professor,22
463,Ezmeralda,Dibden,Biology,Department head,11
464,Hermon,Colebourn,Biostatistics,Department head,16
465,Kendra,Wreath,Cardiology,Lecturer,2
466,Edan,Davison,Biostatistics,Lecturer,14
467,Reade,Jagiello,Biostatistics,Assistant,12
468,Flossie,Traill,Chemistry,Department head,11
469,Sonya,Banisch,Chemistry,Department head,18
470,Sammy,Doward,Cardiology,Department head,15
471,Dion,Swan,Chemistry,Professor,9
472,Fanchon,Bartolomivis,Biostatistics,Professor,8
473,Zaria,Strowther,Cardiology,Lecturer,17
474,Zedekiah,Brunsdon,Chemistry,Professor,19
475,Nariko,Strode,Biology,Lecturer,20
476,Barrie,Exer,Biostatistics,Department head,1
477,Ricardo,Coldbath,Cardiology,Professor,12
478,Bendicty,Hutchens,Biology,Assistant,14
479,Elmo,Scirman,Chemistry,Assistant,16
480,Lydie,Clemendet,Cardiology,Department head,13
481,Catarina,Bischof,Cardiology,Lecturer,11
482,Calida,Chmarny,Cardiology,Professor,12
483,Fay,Drawmer,Biology,Department head,8
484,Vernen,Canto,Biology,Assistant,13
485,Dayle,Stanton,Biology,Department head,15
486,Nefen,Joule,Biostatistics,Lecturer,1
487,Russ,Laweles,Chemistry,Assistant,1
488,Brittni,Ploughwright,Biology,Lecturer,23
489,Lise,Readmire,Biostatistics,Assistant,1
490,Debera,Gilhoolie,Biology,Professor,6
491,Myrta,Ugoni,Chemistry,Department head,4
492,Cynthia,Del Checolo,Biostatistics,Assistant,5
493,Fabiano,Takis,Cardiology,Assistant,12
494,Mae,Spritt,Biology,Department head,15
495,Cass,Windous,Chemistry,Professor,7
496,Ariella,Secretan,Chemistry,Assistant,10
497,Aleda,Kruse,Chemistry,Assistant,17
498,Wilbert,Benyon,Biostatistics,Department head,13
499,Errick,Croson,Biostatistics,Assistant,22
500,Jeramie,Tibbetts,Cardiology,Assistant,17
501,Courtney,Ivanenkov,Biostatistics,Department head,17
502,Beulah,Cowsby,Chemistry,Department head,19
503,Murielle,Castilla,Chemistry,Professor,3
504,Rosamond,Spraberry,Biostatistics,Department head,21
505,Gwenora,Niese,Cardiology,Department head,8
506,Natty,Demer,Biology,Assistant,21
507,Gui,Krook,Biostatistics,Assistant,10
508,Erda,Mardoll,Biostatistics,Department head,12
509,Dal,McCulloch,Chemistry,Department head,15
510,Hollis,Harber,Biology,Lecturer,19
511,Maryellen,Francesch,Chemistry,Lecturer,8
512,Maia,Themann,Cardiology,Lecturer,11
513,Jolynn,Nelthorp,Cardiology,Professor,7
514,Brien,Tunuy,Cardiology,Department head,10
515,Thelma,Cluatt,Chemistry,Department head,10
516,Barr,Bloxsome,Biostatistics,Department head,2
517,Byrann,Kmiec,Chemistry,Professor,23
518,Gardener,Frigout,Cardiology,Professor,6
519,Maridel,Varty,Cardiology,Assistant,7
520,Yasmeen,Spincke,Chemistry,Department head,1
521,Cordell,Shelmerdine,Biology,Department head,9
522,Hazel,Bradbrook,Cardiology,Professor,22
523,Thelma,Pickrell,Biostatistics,Department head,8
524,Esmaria,Bahde,Biology,Professor,17
525,Guillermo,Ipgrave,Cardiology,Lecturer,7
526,Anatol,Timlett,Chemistry,Assistant,23
527,Celka,Pritchitt,Biology,Professor,4
528,Tracey,Highman,Chemistry,Lecturer,7
529,Rhianon,Colenutt,Cardiology,Lecturer,15
530,Ignazio,Lupton,Biology,Lecturer,2
531,Shaylyn,Schoales,Biostatistics,Assistant,2
532,Bastien,Crosston,Biology,Lecturer,3
533,Wallis,MacDowal,Cardiology,Lecturer,12
534,Julieta,Kirkhouse,Biostatistics,Lecturer,14
535,Delora,Lethabridge,Chemistry,Department head,1
536,Demott,Widdows,Biology,Professor,21
537,Domenico,Doust,Chemistry,Lecturer,10
538,Martguerita,Pyffe,Biology,Assistant,10
539,Dewitt,Albertson,Cardiology,Professor,17
540,Norby,Ivasechko,Biology,Department head,4
541,Artie,Fogel,Cardiology,Department head,5
542,Trudey,Shoebotham,Cardiology,Professor,23
543,Ashil,Osgar,Chemistry,Assistant,3
544,Clemence,McCuthais,Biology,Department head,1
545,Stephi,MacKall,Cardiology,Department head,1
546,Brenda,Weldon,Chemistry,Lecturer,4
547,Eleen,Nobes,Cardiology,Department head,14
548,Robinetta,Simmig,Biostatistics,Professor,4
549,Ugo,Goldup,Cardiology,Assistant,4
550,Wilmette,Veighey,Biostatistics,Department head,17
551,Horatia,Freshwater,Biostatistics,Lecturer,2
552,Marcela,Gronw,Biology,Professor,12
553,Conant,Gerssam,Chemistry,Assistant,5
554,Una,Burrell,Biostatistics,Professor,6
555,Tracie,Shann,Chemistry,Assistant,6
556,Mirabelle,Gallager,Biology,Lecturer,3
557,Sheila,Braganca,Biostatistics,Professor,16
558,Julius,Neeves,Cardiology,Lecturer,11
559,Mano,Boyn,Biostatistics,Department head,16
560,Sutherland,Knill,Biology,Lecturer,19
561,Hazlett,Ick,Chemistry,Department head,10
562,Nora,Ivashnikov,Cardiology,Assistant,14
563,Susanna,Dispencer,Cardiology,Assistant,18
564,Sibella,Dannel,Chemistry,Lecturer,15
565,Doloritas,O' Lone,Chemistry,Lecturer,1
566,Erika,Fearnall,Biology,Professor,23
567,Mayne,Colrein,Biostatistics,Assistant,15
568,Menard,Arnau,Biostatistics,Assistant,8
569,Merell,Yanukhin,Biology,Department head,11
570,Brigid,Whittick,Chemistry,Department head,7
571,Theresina,Jack,Chemistry,Assistant,3
572,Brittani,Allmann,Chemistry,Assistant,22
573,Opalina,Flips,Cardiology,Assistant,3
574,Eustace,Mauchlen,Chemistry,Assistant,11
575,Corbin,Quilter,Chemistry,Lecturer,22
576,Roshelle,Isoldi,Chemistry,Assistant,9
577,Bert,Girard,Biology,Professor,21
578,Ced,Mace,Cardiology,Assistant,7
579,Minna,Delleschi,Biology,Professor,20
580,Anni,Klebes,Biostatistics,Lecturer,7
581,Sydney,Winman,Cardiology,Professor,14
582,Edi,Weaben,Biology,Professor,5
583,Stoddard,Senten,Biology,Lecturer,21
584,Orazio,Lansly,Chemistry,Lecturer,21
585,Rudiger,Burress,Cardiology,Department head,12
586,Marlow,Perell,Biology,Assistant,22
587,Dorita,Tollemache,Biostatistics,Professor,9
588,Trevor,Archdeacon,Biology,Professor,16
589,Garrard,Bishop,Biology,Professor,1
590,Pierrette,Whitworth,Chemistry,Lecturer,18
591,Lane,Chiplin,Biostatistics,Lecturer,10
592,Rodge,Ramel,Biostatistics,Assistant,19
593,Zachary,Mingasson,Chemistry,Lecturer,15
594,Dorian,Brundle,Chemistry,Assistant,10
595,Ernie,Meads,Chemistry,Lecturer,2
596,Waldon,Browell,Cardiology,Professor,19
597,Korey,Helder,Biology,Assistant,14
598,Bartholomeus,Ayllett,Cardiology,Department head,5
599,Shaun,Cholmondeley,Biostatistics,Assistant,15
600,Adelice,Kleis,Biology,Department head,21
601,Rene,Spitaro,Cardiology,Department head,5
602,Ondrea,Cordingly,Biostatistics,Lecturer,7
603,Isabelita,Romayn,Cardiology,Assistant,4
604,Anni,Dofty,Biology,Lecturer,14
605,Toni,Anthoin,Biology,Lecturer,22
606,Wren,Durnford,Chemistry,Department head,19
607,Myrna,MacColm,Biostatistics,Lecturer,23
608,Bryanty,Soppett,Biology,Professor,17
609,Putnam,Crommett,Cardiology,Lecturer,12
610,Gary,Rozec,Biology,Professor,12
611,Kaspar,Flinn,Biology,Assistant,11
612,Liv,Batistelli,Biology,Department head,18
613,Lydie,Vevers,Biology,Department head,3
614,Lorrin,Aldiss,Biology,Assistant,1
615,Trula,Scholling,Biology,Professor,2
616,Ignatius,Andreu,Biostatistics,Professor,20
617,Ichabod,Wrout,Cardiology,Professor,7
618,Lisa,Alywen,Chemistry,Assistant,9
619,Herta,Landeaux,Biology,Department head,21
620,Hildy,Pistol,Biology,Assistant,2
621,Nevil,Bartolommeo,Cardiology,Department head,10
622,Min,Doick,Biology,Professor,11
623,Cob,Gostage,Cardiology,Assistant,5
624,Deane,Barette,Biostatistics,Professor,12
625,Kermy,Neville,Cardiology,Assistant,2
626,Amata,Adamo,Biology,Assistant,21
627,Zacharias,Rhucroft,Biology,Assistant,13
628,Rachael,Drain,Chemistry,Professor,15
629,Koressa,Hebbron,Cardiology,Department head,1
630,Donella,Neal,Biostatistics,Lecturer,9
631,Faunie,Slate,Biology,Lecturer,8
632,Nanon,Amiable,Cardiology,Department head,13
633,Lucila,Spencook,Biostatistics,Assistant,21
634,Linn,Hourahan,Chemistry,Department head,17
635,Cristie,Dallon,Chemistry,Department head,2
636,Candide,O'Growgane,Biology,Professor,4
637,Phoebe,Denning,Biostatistics,Lecturer,2
638,Wilma,McCurt,Cardiology,Assistant,20
639,Lorine,Mettrick,Biology,Lecturer,14
640,Kile,Fulkes,Chemistry,Professor,17
641,Bonnie,Breinlein,Cardiology,Professor,22
642,Hedwig,Hugli,Cardiology,Department head,13
643,Georgetta,Woofendell,Cardiology,Department head,4
644,Elspeth,Davydychev,Chemistry,Lecturer,8
645,Reynolds,Manion,Chemistry,Department head,10
646,Beniamino,Merrett,Biostatistics,Lecturer,1
647,Karlan,Blamphin,Biostatistics,Department head,11
648,Jayme,Chinge,Biology,Assistant,14
649,Kandace,Elies,Biology,Department head,3
650,Nissy,Tokley,Biostatistics,Assistant,7
651,Sibylla,Maxweell,Biology,Department head,23
652,Colan,Laird,Cardiology,Department head,19
653,Stearn,Botton,Biology,Assistant,11
654,Morly,Cattermull,Cardiology,Lecturer,6
655,Christean,Dutnall,Cardiology,Department head,5
656,Amber,Gaylard,Cardiology,Assistant,5
657,Brewster,Keilty,Chemistry,Department head,12
658,Susy,Ellwell,Cardiology,Professor,5
659,Brendis,Churchley,Chemistry,Lecturer,8
660,Wilma,Paulmann,Cardiology,Assistant,20
661,Lenard,Thys,Chemistry,Department head,18
662,Ricardo,Blakeborough,Biology,Assistant,17
663,Janith,Reede,Chemistry,Professor,5
664,Kaitlin,Clemencet,Biostatistics,Professor,19
665,Norris,Woodcraft,Cardiology,Assistant,1
666,Aaren,Gillott,Chemistry,Assistant,23
667,Ellynn,Drews,Biology,Professor,13
668,Waly,Leile,Cardiology,Assistant,5
669,Filberte,Dusting,Cardiology,Professor,12
670,Annabelle,Allain,Chemistry,Department head,19
671,Chaddy,Stefanovic,Chemistry,Professor,22
672,Dagmar,Bewfield,Biostatistics,Department head,21
673,Chaddy,Etherington,Chemistry,Assistant,19
674,Lora,Hartington,Biostatistics,Lecturer,17
675,Lyndy,Arrell,Cardiology,Assistant,7
676,Kele,Riha,Biology,Department head,10
677,Dal,Speed,Biostatistics,Department head,17
678,Lily,Haythorn,Cardiology,Assistant,10
679,Wells,Rault,Chemistry,Professor,8
680,Lenee,Waldrum,Cardiology,Lecturer,16
681,Julie,Castiglioni,Cardiology,Lecturer,20
682,Ignace,Downham,Chemistry,Assistant,4
683,Reena,Sutlieff,Chemistry,Professor,13
684,Cornelia,Canario,Chemistry,Department head,17
685,Gypsy,Delyth,Biology,Assistant,15
686,Fielding,Renad,Biology,Lecturer,22
687,Krispin,Marwood,Chemistry,Professor,1
688,Pennie,Allewell,Biology,Professor,19
689,Glori,Siegertsz,Cardiology,Professor,21
690,Celina,Pyffe,Chemistry,Assistant,6
691,Brynne,Naisey,Biology,Professor,6
692,Anneliese,Janatka,Biostatistics,Lecturer,10
693,Karylin,Deekes,Biology,Assistant,5
694,Thatch,Forbes,Biology,Lecturer,18
695,Minnnie,Sends,Chemistry,Professor,4
696,Ruy,Matonin,Biostatistics,Department head,15
697,Fara,Apps,Chemistry,Professor,22
698,Chrisy,Cardoe,Chemistry,Lecturer,4
699,Thorny,Arendt,Biology,Assistant,18
700,Bernardo,Stickler,Cardiology,Assistant,16
701,Delano,Ryott,Biostatistics,Professor,12
702,Darbie,Creswell,Cardiology,Department head,5
703,Sarina,McEnery,Chemistry,Professor,22
704,Ruthy,Habert,Chemistry,Department head,17
705,Harriette,Leggs,Biostatistics,Lecturer,18
706,Dedra,Denziloe,Biology,Department head,1
707,Korry,Dipple,Biology,Lecturer,21
708,Channa,Camm,Chemistry,Lecturer,7
709,Bartie,Windle,Biology,Assistant,12
710,Luz,Wanless,Biostatistics,Lecturer,16
711,Sallie,Melvin,Biostatistics,Department head,16
712,Juliet,Robelow,Cardiology,Department head,4
713,Damara,Pantlin,Cardiology,Lecturer,8
714,Evan,Sholl,Biostatistics,Assistant,16
715,Jeth,Grugerr,Biology,Lecturer,18
716,Maureene,Pinnington,Cardiology,Assistant,13
717,Yuma,Ruppeli,Chemistry,Lecturer,20
718,Willetta,Pero,Biology,Department head,22
719,Cornie,Grigoryev,Cardiology,Assistant,19
720,Pippa,McCaghan,Chemistry,Lecturer,11
721,Dena,De Lasci,Biostatistics,Lecturer,5
722,Forbes,Dani,Biology,Lecturer,1
723,Elane,Serris,Biostatistics,Lecturer,12
724,Emmeline,Tweedell,Cardiology,Department head,23
725,Kirk,Dumingos,Cardiology,Department head,23
726,Moses,Durbann,Chemistry,Department head,6
727,Valaria,Robarts,Biology,Lecturer,14
728,Wynn,Riatt,Chemistry,Lecturer,13
729,Scarlet,Van der Daal,Cardiology,Lecturer,3
730,Tynan,Cockin,Cardiology,Assistant,11
731,Elias,Kesper,Chemistry,Department head,9
732,Garwin,Kaasmann,Biostatistics,Department head,13
733,Cissiee,Bleddon,Biology,Lecturer,9
734,Carlotta,Ashbee,Biostatistics,Department head,19
735,Kanya,Marvin,Biology,Lecturer,16
736,Libby,De Mattia,Biology,Department head,14
737,Selie,Tichelaar,Biostatistics,Assistant,20
738,Diane-marie,Hentzeler,Biostatistics,Department head,14
739,Dame,Barehead,Chemistry,Department head,17
740,Hinda,O'Hallihane,Chemistry,Assistant,4
741,Maridel,Mulran,Cardiology,Department head,7
742,Walliw,Ekkel,Biology,Assistant,10
743,Roxanna,Kirkwood,Biology,Professor,9
744,Hildagard,Gye,Cardiology,Lecturer,18
745,Jamie,Battlestone,Biostatistics,Lecturer,7
746,Lindsay,Irdale,Cardiology,Lecturer,11
747,Gwendolyn,Trees,Cardiology,Lecturer,15
748,Tamara,Wysome,Biostatistics,Professor,3
749,Avivah,Dun,Cardiology,Lecturer,11
750,Vincent,Muir,Biology,Professor,11
751,Mellicent,Bonhan,Biostatistics,Lecturer,9
752,Anne-marie,Rendell,Biostatistics,Professor,9
753,Dorthea,Trickey,Biostatistics,Assistant,18
754,Emmeline,Danzey,Cardiology,Professor,12
755,Andreana,Gronno,Cardiology,Department head,7
756,Bobine,Rafe,Biology,Assistant,4
757,Farand,Spenley,Chemistry,Professor,1
758,Maxie,Poore,Cardiology,Professor,2
759,Barnabas,Polland,Biology,Professor,5
760,Kissie,Voak,Biology,Assistant,4
761,Roxi,Dillinger,Cardiology,Department head,17
762,Trever,Demcak,Cardiology,Department head,23
763,Willow,Deroche,Cardiology,Lecturer,11
764,Horatio,Pennington,Biology,Department head,12
765,Ozzie,Udden,Chemistry,Lecturer,14
766,Dwain,Bonhomme,Biostatistics,Assistant,17
767,Sondra,Forsaith,Biostatistics,Professor,9
768,Curtis,McMurdo,Chemistry,Department head,13
769,Davy,Connick,Cardiology,Lecturer,1
770,Adler,Pennacci,Biology,Professor,8
771,Rivalee,Gallaway,Biostatistics,Professor,7
772,Erie,Ormes,Biology,Professor,16
773,Krystle,Forber,Chemistry,Professor,19
774,Hermine,Treuge,Cardiology,Assistant,5
775,Rosalinda,Teacy,Biostatistics,Lecturer,9
776,Alexia,Turbayne,Biostatistics,Lecturer,12
777,Leanna,Farnan,Biology,Assistant,11
778,Durand,Maffezzoli,Biostatistics,Professor,21
779,Agustin,Grasha,Biology,Lecturer,16
780,Cthrine,Rowet,Biology,Assistant,21
781,Debi,Andriveaux,Cardiology,Assistant,5
782,Ritchie,Donoghue,Biology,Professor,23
783,Georgianna,Pigden,Chemistry,Professor,14
784,Verge,Ashfull,Chemistry,Assistant,12
785,Joly,Romeril,Biostatistics,Department head,4
786,Livia,Davey,Biology,Department head,16
787,Cristiano,Lademann,Biostatistics,Professor,11
788,Doro,Beaves,Biology,Lecturer,4
789,Randell,Cheston,Chemistry,Assistant,17
790,Dorelle,O'Duilleain,Cardiology,Assistant,1
791,Ron,Posvner,Biostatistics,Department head,7
792,Bess,Boatswain,Chemistry,Assistant,5
793,Rory,Venour,Biostatistics,Lecturer,10
794,Roderic,Maevela,Cardiology,Department head,23
795,Prentice,Pickton,Biology,Lecturer,2
796,Haskel,Swindells,Biology,Department head,6
797,Celeste,Lenoir,Biology,Lecturer,9
798,Fitzgerald,Stockley,Biology,Department head,19
799,Lindsay,Biggins,Chemistry,Lecturer,5
800,Mikkel,Guarin,Biostatistics,Department head,20
801,Huberto,Kenwyn,Biostatistics,Professor,14
802,Ulick,Kelwaybamber,Cardiology,Assistant,10
803,Harrietta,Spaxman,Biology,Assistant,20
804,Boy,Fallon,Chemistry,Lecturer,13
805,Bell,Jacobovitch,Biology,Professor,4
806,Gun,Aubrey,Biostatistics,Department head,10
807,Andie,Guisler,Chemistry,Lecturer,19
808,Joella,Story,Cardiology,Assistant,3
809,Libbie,Richly,Cardiology,Department head,19
810,Florencia,Kobpal,Biostatistics,Professor,20
811,Guinna,Donan,Biostatistics,Assistant,22
812,Ingaborg,Curtayne,Chemistry,Lecturer,14
813,Wat,Ickeringill,Biology,Assistant,6
814,Arch,Parnell,Chemistry,Department head,23
815,Georgie,Bonnick,Chemistry,Department head,13
816,Callie,Eastbrook,Biology,Professor,2
817,Marcellina,Francisco,Biology,Assistant,6
818,Sam,Vannuchi,Chemistry,Professor,16
819,Issiah,Tregonna,Biostatistics,Lecturer,12
820,Torre,Glendenning,Biology,Department head,21
821,Klemens,Ogilvie,Biostatistics,Lecturer,19
822,Wes,Kun,Biology,Assistant,18
823,Alexei,Rooksby,Biology,Professor,13
824,Locke,Staniford,Cardiology,Department head,9
825,Sharona,Wynch,Chemistry,Assistant,8
826,Millisent,Huortic,Biology,Department head,19
827,Bev,Gibbeson,Cardiology,Assistant,3
828,Francklyn,Cheasman,Biostatistics,Lecturer,17
829,Dorie,Gareisr,Biology,Lecturer,12
830,Aguistin,Giffard,Chemistry,Department head,21
831,Sondra,Basnett,Biostatistics,Assistant,3
832,Blythe,Veque,Chemistry,Lecturer,1
833,Rafe,Gierke,Biology,Department head,6
834,Diarmid,Streets,Cardiology,Lecturer,1
835,Irv,Lamacraft,Chemistry,Lecturer,20
836,Ysabel,Dilkes,Biostatistics,Professor,12
837,Jasper,Petkens,Biostatistics,Lecturer,10
838,Jorey,Mann,Cardiology,Department head,4
839,Ermengarde,Le Noir,Cardiology,Lecturer,23
840,Fidelity,Staniforth,Cardiology,Professor,20
841,Pate,Shenfisch,Biostatistics,Professor,1
842,Marleen,Gallacher,Cardiology,Lecturer,7
843,Mathian,Branno,Biostatistics,Assistant,23
844,Walther,Agass,Biology,Lecturer,14
845,Stephie,Megainey,Biostatistics,Professor,1
846,Cobby,Eacott,Chemistry,Assistant,11
847,Rois,Bugge,Chemistry,Department head,21
848,Karim,Whytock,Biostatistics,Professor,21
849,Renae,Coton,Chemistry,Department head,20
850,Aldwin,Wiltsher,Biology,Department head,11
851,Mariana,Blandamere,Biostatistics,Assistant,5
852,Elisa,Harwood,Chemistry,Assistant,19
853,Othella,Henrique,Chemistry,Department head,9
854,Ainsley,O'Hagan,Biostatistics,Lecturer,17
855,Haleigh,Cordelet,Biology,Assistant,12
856,Izaak,Tabor,Cardiology,Department head,7
857,Obadiah,Ibbotson,Chemistry,Department head,10
858,Joann,Stubbin,Biology,Professor,9
859,Bertrando,Lukas,Cardiology,Assistant,22
860,Ede,Muschette,Biostatistics,Lecturer,4
861,Donall,Brennon,Cardiology,Professor,20
862,Cristionna,Nannoni,Chemistry,Assistant,14
863,Marcelia,Empleton,Biostatistics,Department head,11
864,Inez,Winman,Cardiology,Department head,6
865,Welch,Guise,Biology,Assistant,8
866,Fara,Kopelman,Biostatistics,Professor,8
867,Birgit,Norquay,Biostatistics,Department head,8
868,Alix,Dossett,Cardiology,Department head,6
869,Renaud,Haws,Chemistry,Department head,5
870,Adrian,Stolle,Chemistry,Department head,11
871,Marsha,Bischop,Cardiology,Professor,2
872,Kiersten,Brownrigg,Cardiology,Professor,21
873,Sergio,Corp,Cardiology,Lecturer,13
874,Tana,Vickers,Biology,Assistant,12
875,Dacia,Banbrigge,Chemistry,Assistant,12
876,Tate,Coode,Biology,Professor,14
877,Kirby,Coneybeer,Chemistry,Lecturer,3
878,Taylor,Whitnall,Cardiology,Department head,13
879,Barty,Najera,Chemistry,Assistant,22
880,Rivi,Blazek,Cardiology,Department head,18
881,Cello,Pankethman,Biostatistics,Department head,23
882,Kelsey,Aylen,Cardiology,Professor,13
883,Jaquelyn,Cavaney,Biostatistics,Department head,9
884,Verile,Pagon,Biology,Professor,16
885,Hannie,Gutans,Chemistry,Professor,6
886,Jeanelle,Benzie,Chemistry,Lecturer,9
887,Netty,Varns,Cardiology,Department head,14
888,Frankie,Mardee,Cardiology,Lecturer,19
889,Jocelyne,Marrett,Cardiology,Assistant,9
890,Tonie,Fahrenbach,Biostatistics,Department head,5
891,Holt,Reisenberg,Chemistry,Assistant,11
892,Mildrid,Callway,Biostatistics,Lecturer,21
893,Finley,Malpas,Cardiology,Department head,14
894,Florenza,Andre,Biology,Assistant,16
895,Willi,Dinsdale,Chemistry,Professor,3
896,Minta,Izaks,Biology,Department head,14
897,Lewiss,Bollom,Chemistry,Assistant,15
898,Schuyler,Calafato,Cardiology,Assistant,3
899,Eduino,Garlee,Chemistry,Assistant,3
900,Staffard,Wickham,Biology,Professor,5
901,Susannah,Baber,Chemistry,Assistant,6
902,Haley,Exter,Chemistry,Department head,1
903,Janith,Hundall,Cardiology,Assistant,21
904,Penrod,Magor,Chemistry,Department head,18
905,Aloysia,McAnalley,Cardiology,Assistant,8
906,Bogart,Hinstridge,Cardiology,Assistant,13
907,Blair,Galpen,Chemistry,Department head,10
908,Giavani,Radbond,Chemistry,Assistant,6
909,Goober,Lebarree,Cardiology,Professor,7
910,Tabby,Gindghill,Chemistry,Assistant,11
911,Ennis,Gooding,Cardiology,Assistant,4
912,Quent,Gilmore,Cardiology,Professor,21
913,Riobard,Thackham,Chemistry,Lecturer,23
914,Elvira,Ibbett,Cardiology,Professor,10
915,Errol,Marchington,Biostatistics,Assistant,8
916,Meridel,Tunno,Biology,Department head,5
917,Codie,Giblett,Biology,Assistant,9
918,Pepe,Ever,Biology,Professor,21
919,Lorrie,Goodenough,Biostatistics,Assistant,19
920,Ellie,Chard,Biology,Department head,11
921,Roseanna,Ixer,Biostatistics,Lecturer,2
922,Jacky,Joncic,Biostatistics,Lecturer,15
923,Zaccaria,Thorneloe,Biology,Professor,3
924,Anallise,St Louis,Cardiology,Professor,1
925,Rodolfo,Brockherst,Chemistry,Professor,7
926,Kris,Townsend,Cardiology,Professor,4
927,Pauly,Porrett,Biostatistics,Assistant,22
928,Darrin,Yewdall,Biology,Department head,5
929,Geralda,McCord,Chemistry,Department head,8
930,Francois,Proughten,Biostatistics,Lecturer,13
931,Talia,Fettes,Chemistry,Lecturer,22
932,Garald,Murley,Biostatistics,Lecturer,7
933,Magdalena,Stainburn,Chemistry,Lecturer,1
934,Karin,Vlasov,Cardiology,Assistant,5
935,Glad,Samwyse,Cardiology,Department head,18
936,Mair,Cohn,Biostatistics,Assistant,4
937,Dannie,Cargo,Biology,Professor,20
938,Corena,Woolner,Cardiology,Department head,10
939,Lois,Tschiersch,Chemistry,Department head,8
940,Griffie,Durie,Chemistry,Lecturer,13
941,Vitia,Smyth,Cardiology,Professor,9
942,Giselbert,Caris,Biostatistics,Professor,1
943,Bancroft,Currier,Cardiology,Assistant,13
944,Sascha,Cathery,Cardiology,Assistant,7
945,Jesselyn,Causier,Biostatistics,Lecturer,19
946,Miranda,Quernel,Biostatistics,Department head,16
947,Abba,Simioni,Chemistry,Professor,23
948,Emlyn,Sudran,Biology,Department head,20
949,Jacquenetta,Twiname,Chemistry,Assistant,15
950,Beltran,Bolsteridge,Cardiology,Lecturer,16
951,Elwyn,Skirving,Cardiology,Assistant,9
952,Sibyl,Norcross,Biostatistics,Department head,11
953,Eugen,Radclyffe,Biology,Lecturer,18
954,Darrin,Hardes,Chemistry,Professor,5
955,Fenelia,Deevey,Biostatistics,Professor,12
956,Hermina,Brandsen,Biostatistics,Department head,18
957,Carolyne,Hayward,Biology,Assistant,18
958,Loralie,Whiterod,Chemistry,Professor,21
959,Valaree,Hosby,Chemistry,Professor,9
960,Sybilla,Fellon,Biostatistics,Assistant,12
961,Ivory,Daulby,Cardiology,Professor,1
962,Licha,Collidge,Biology,Lecturer,6
963,Shandeigh,Tilston,Biology,Assistant,5
964,Aurore,Jonson,Biostatistics,Lecturer,9
965,Laurence,Malby,Cardiology,Professor,13
966,Thorvald,Troker,Biostatistics,Professor,2
967,Corri,Sibley,Cardiology,Professor,6
968,Mada,Huzzey,Biostatistics,Lecturer,5
969,Lesly,Brislan,Chemistry,Professor,20
970,Ailene,Bretherton,Biostatistics,Department head,7
971,Allen,Betancourt,Chemistry,Professor,19
972,Reine,Glazebrook,Biostatistics,Department head,17
973,Iorgo,Pethybridge,Biology,Professor,2
974,Loydie,Vargas,Biology,Professor,16
975,Fons,Tubby,Chemistry,Professor,2
976,Rosina,Berkeley,Biology,Professor,2
977,Maxi,Rumbellow,Cardiology,Professor,13
978,Drusi,Kohter,Cardiology,Professor,22
979,Radcliffe,Neilan,Cardiology,Lecturer,15
980,Idalina,Revett,Biology,Department head,18
981,Marlie,Dilkes,Biostatistics,Lecturer,22
982,Esdras,Fasler,Biostatistics,Department head,14
983,Sylvester,Allbut,Biostatistics,Department head,19
984,Garth,MacRonald,Chemistry,Department head,12
985,Jean,Dutch,Cardiology,Lecturer,22
986,Nell,Whitland,Biostatistics,Assistant,20
987,Kean,Gouny,Chemistry,Department head,8
988,Mayer,Farres,Biostatistics,Lecturer,16
989,Lanae,Kantor,Biostatistics,Department head,10
990,Jazmin,Truter,Biology,Professor,15
991,Cobby,Beesley,Biostatistics,Assistant,10
992,Charlotta,Sankey,Cardiology,Department head,1
993,Hermia,Corlett,Biology,Department head,1
994,Neall,Acomb,Biology,Lecturer,2
995,Zandra,Duck,Biostatistics,Assistant,1
996,Ermin,Winslade,Cardiology,Professor,13
997,Shelia,Penhall,Biostatistics,Assistant,15
998,Frasquito,Gaunson,Cardiology,Department head,3
999,Jennie,Pollie,Biology,Lecturer,10
1000,Jemie,Ainsby,Biostatistics,Assistant,11
